{"CFRACH":[0.0],"CFRACM":[0.0],"CFRACL":[0.0],"wstar":[1.694509859646068],"sfctemp":[25.603529941334447],"sfcdewpt":[16.076471104341394],"sfcshf":[401.80784390019437],"dwcrit":[458.76745904309985],"mslpress":[1007.8988324333641],"sfcwindspd":[6.195686102468593],"sfcwinddir":[20.470588235294116],"bltopwindspd":[7.905882194346072],"bltopwinddir":[6.352941176470594],"zsfclcldif":[-507],"zsfclcl":[1104],"accrain":[0.0],"da":[556.0309700760187],"potfd_as":[0.0],"potfd":[4.254901960784309],"HGT":[36],"sfcgust":[10.917646450154923],"hwcrit":[495.07038807478864],"times":["202602170600"],"real_sfctemp":[26.3],"real_sfcdewpt":[17.4],"real_mslpress":[1008.5],"ap":{"name":"SYDNEY (OBSERVATORY HILL)","distance":"5"},"twilights":["1771268742","1771319511","1771355201","1771405843","1771441661","1771492173"]}
